PuzzleId,FEN,Moves,Rating,Title,Themes,Description,Stars,User,GameURL
00008,r6k/pp2r2p/4Rp1Q/3p4/8/1N1P2R1/PqP2bPP/7K b - - 0 24,f2g3 e6e7 b2b1 b3c1 b1c1 h6c1,1877,Pieza Colgada Decisiva,crushing hangingPiece long middlegame,Medio juego intermedio con ganancia decisiva por pieza colgada.,5,Lichess,https://lichess.org/787zsVup/black#48
0000D,5rk1/1p3ppp/pq3b2/8/8/1P1Q1N2/P4PPP/3R2K1 w - - 2 27,d3d6 f8d8 d6d8 f6d8,1501,Ventaja en Final Corto,advantage endgame short,Final corto de nivel intermedio para obtener ventaja posicional.,5,Lichess,https://lichess.org/F8M8OS71#53
0008Q,8/4R3/1p2P3/p4r2/P6p/1P3Pk1/4K3/8 w - - 1 64,e7f7 f5e5 e2f1 e5e6,1355,Ventaja en Final de Torres,advantage endgame rookEndgame short,Final de torres corto donde se consolida una ventaja.,5,Lichess,https://lichess.org/MQSyb3KW#127
0009B,r2qr1k1/b1p2ppp/pp4n1/P1P1p3/4P1n1/B2P2Pb/3NBP1P/RN1QR1K1 b - - 1 16,b6c5 e2g4 h3g4 d1g4,1103,Ventaja Material Apertura Peón,advantage middlegame short,Apertura de Peón de Rey: Medio juego sencillo para ganar ventaja de material.,5,Lichess,https://lichess.org/4MWQCxQ6/black#32
000Pw,6k1/5p1p/4p3/4q3/3nN3/2Q3P1/PP3P1P/6K1 w - - 2 37,e4d2 d4e2 g1f1 e2c3,1422,Tenedor Decisivo en Final,crushing endgame fork short,Final táctico con ataque doble (tenedor) decisivo.,5,Lichess,https://lichess.org/au2lCK5o#73
000Sa,2Q2bk1/5p1p/p5p1/2p3P1/2r1B3/7P/qPQ2P2/2K4R b - - 0 32,c4c2 e4c2 a2a1 c2b1,1537,Asegurando la Ventaja,advantage endgame short,Final de partida para asegurar una ventaja ganadora.,5,Lichess,https://lichess.org/lTTa9lwd/black#64
000VW,r4r2/1p3pkp/p5p1/3R1N1Q/3P4/8/P1q2P2/3R2K1 b - - 3 25,g6f5 d5c5 c2e4 h5g5 g7h8 g5f6,2857,Maniobra Ganadora Gran Maestro,crushing endgame long,Final complejo de nivel Gran Maestro con maniobra larga.,5,Lichess,https://lichess.org/e9AY2m5j/black#50
000Vc,8/8/4k1p1/2KpP2p/5PP1/8/8/8 w - - 0 53,g4h5 g6h5 f4f5 e6e5 f5f6 e5f6,1611,Final de Peones Instructivo,crushing endgame long pawnEndgame,Final de peones instructivo para convertir la ventaja.,5,Lichess,https://lichess.org/l6AejDMO#105
000Zo,4r3/1k6/pp3r2/1b2P2p/3R1p2/P1R2P2/1P4PP/6K1 w - - 0 35,e5f6 e8e1 g1f2 e1f1,1353,Mate en Dos Final,endgame mate mateIn2 short,Mate forzado en 2 movimientos en el final.,5,Lichess,https://lichess.org/n8Ff742v#69
000aY,r4rk1/pp3ppp/2n1b3/q1pp2B1/8/P1Q2NP1/1P1TPP1P/2KR3R w - - 0 15,g5e7 a5c3 b2c3 c6e7,1430,Ventaja Posicional Maestra,advantage master middlegame short,Defensa Benoni: Posición de medio juego de partida maestra para ganar ventaja.,5,Lichess,https://lichess.org/iihZGl6t#29
000h0,5rk1/p5p1/3bpr1p/1Pp5/3pR3/1P1Q1N2/P4PPP/4R1K1 w - - 4 22,e4e6 f6f3 g2f3 h5h2 g1f1 h2h3 f1e2 h3e6,2035,Interferencia en Flanco Rey,advantage interference kingsideAttack middlegame veryLong,Ataque al flanco de rey con tema táctico de interferencia.,5,Lichess,https://lichess.org/OWe6M5dF#43
000hf,r1bqk2r/pp1nbNp1/2p1p2p/8/2BP4/1PN3P1/P3QP1P/3R1RK1 b kq - 0 19,e8f7 e2e6 f78 e6f7,1620,Sacrificio y Mate en Dos,mate mateIn2 middlegame short,Defensa Horwitz: Mate en 2 jugadas en el medio juego tras sacrificio.,5,Lichess,https://lichess.org/71ygsFeE/black#38
000jr,5k2/1p4pp/p5n1/5Q2/3BpP2/1P2PP1K/P1q4P/7r b - - 1 33,f8g8 f5d5 g8f8 d4c5 c2c5 d5c5,2053,Final Largo Aplastante,crushing endgame long,Final largo de nivel avanzado para aplastar al rival.,5,Lichess,https://lichess.org/JgxFj109/black#66
000lC,3r3r/pQNk1ppp/1qnb6/1B6/8/8/PPP3PP/3R1R1K w - - 5 19,d1d6 d7d6 b7b6 a7b6,1391,Cazando la Pieza Colgada,advantage hangingPiece middlegame short,Captura de pieza colgada para obtener ventaja en medio juego.,5,Lichess,https://lichess.org/vaqz2bx6#37
000mr,5r1k/5rp1/p7/1b2B2p/1P1P1Pq1/2R1Q3/P3p1P1/2R3K1 w - - 0 41,e3g3 f7f4 e5f4 f8f4,1957,Ataque Medio Juego Decisivo,crushing middlegame short,Ataque decisivo y contundente en el medio juego.,5,Lichess,https://lichess.org/8sVpuwso#81
000o3,8/2p1k3/6p1/1p1P1p2/1P3P2/3K2Pp/7P/8 b - - 1 43,e7d6 d3d4 g6g5 f4g5,944,Zugzwang en Final Peones,crushing endgame pawnEndgame short zugzwang,Final de peones básico utilizando el concepto de zugzwang.,5,Lichess,https://lichess.org/BAY91mF3/black#86
000qP,8/7R/8/5p2/4bk1P/8/2r2K2/6R1 w - - 7 51,f2f1 f4f3 f1e1 c2r1 e1d2 c1g1,1999,Rayos X al Rey,crushing endgame exposedKing long skewer,Final con rey expuesto y ataque de rayos X (enfilada).,5,Lichess,https://lichess.org/r4xUR6fC#101
000rO,3R4/8/K7/pB2b3/1p6/1P2k3/3p4/8 w - - 4 58,a6a5 e5c7 a5b4 c7d8,1110,Tenedor Maestro en Final,crushing endgame fork master short,Ataque doble (tenedor) ganador en final de partida maestra.,5,Lichess,https://lichess.org/tzeeBEc2#115
000rZ,2kr1b1r/p1p2pp1/2pqb3/7p/3N2n1/2NPB3/PPP2PPP/R2Q1RK1 w - - 2 13,d4e6 d6h2,739,Mate en Uno Apertura,kingsideAttack mate mateIn1 oneMove opening,Defensa Escandinava: Mate en 1 movimiento en la apertura (muy fácil).,5,Lichess,https://lichess.org/seIMDWkD#25
00143,r2q1rk1/5ppp/1np5/p1b5/2p1B3/P7/1P3PPP/R1BQ1RK1 b - - 1 17,d8f6 d1h5 h7h6 h5c5,1780,Ventaja Posicional Escocesa,advantage middlegame short,Apertura Escocesa: Medio juego nivel intermedio para obtener ventaja posicional.,5,Lichess,https://lichess.org/jcuxlI63/black#34
0017R,r2qk2r/pp2ppbp/1n1p2p1/3Pn5/2P5/2NBBP1P/PP3P2/R2QK2R b KQkq - 0 12,e5c4 d3c4 b6c4 d1a4 d8d7 a4c4,1677,Secuencia Táctica de Tenedor,advantage fork long middlegame,Defensa Alekhine: Secuencia táctica larga de tenedor (ataque doble).,5,Lichess,https://lichess.org/ol84k0z4/black#24
0018P,5R2/1p6/p1p5/2P1rk2/2K3p1/2P1p1P1/1P5P/8 b - - 1 44,f5e6 f8e8 e6f5 e8e5 f5e5 c4d3 e5d5 d3e3 a6a5 e3f4 d5c4 f4g4,1904,Rey Expuesto en Final,crushing endgame exposedKing rookEndgame veryLong,Final de torres complejo explotando al rey expuesto.,5,Lichess,https://lichess.org/Xg1Gtfjr/black#88
0018S,2kr3r/pp3p2/4p2p/1N1p2p1/3Q4/1P1P4/2q2PPP/5RK1 b - - 1 20,b7b6 d4a1 a7a5 f1c1,2566,Clavada Mortal Nivel Alto,advantage endgame pin short,Final de muy alto nivel explotando una clavada.,5,Lichess,https://lichess.org/H1ARO2GL/black#40
001Fg,2R2r1k/pQ4pp/5rpp/3B4/q2n4/7P/P4PP1/5RK1 w - - 3 30,c8c7 d4e2 g1h2 a4f4 h2h1 e2g3 f2g3 f4f1,1516,Consolidando Ventaja Medio Juego,advantage middlegame veryLong,Maniobra larga de medio juego para consolidar ventaja.,5,Lichess,https://lichess.org/y0QalMAw#59
001Hi,6k1/pp1r1pp1/1qp1p2p/4P2P/5Q2/1P4R1/P1r1/4,b6d4 f4f6 d4f2 f6f2 d2f2 g1f2,2389,Clavada en Final Experto,advantage endgame long pin,Explotación de clavada en final largo de nivel experto.,5,Lichess,https://lichess.org/tUkE0z1z/black#46
001KR,6Qk/p1p3pp/4N3/1p6/2q1r1n1/2B5/PP4PP/3R1R1K b - - 0 28,h8g8 f1f8,565,Mate Básico Tras Captura,mate mateIn1 middlegame oneMove,Mate en 1 movimiento básico tras captura.,5,Lichess,https://lichess.org/TaT1Zl7z/black#56
001Oo,6k1/4p1bp/6p1/1p1pP3/1PpPp3/2P1P3/Q2B1KPP/3q4 b - - 2 23,d1a4 a2a4 b5a4 b4b5 g8f7 b5b6,2078,Jugada Tranquila Estratégica,crushing endgame long quietMove,Final estratégico definido por una jugada tranquila.,5,Lichess,https://lichess.org/8IKs77O9/black#46
001Wz,4r1k1/5ppp/r1p5/p1n1RP5/8/2P2N1P/2P3P1/3R2K1 b - - 0 21,e8e5 d1d8 e5e8 d8e8,1118,Mate del Pasillo Final,backRankMate endgame mate mateIn2 short,Mate del pasillo en 2 jugadas en el final.,5,Lichess,https://lichess.org/84RH3LaP/black#42
001XA,1qr2rk1/pb2bppp/8/8/2p1N3/P1Bn3P/2Q2PBP/1R3RK1 b - - 3 23,b8c7 b1b7 c7b7 e4f6 e7f6 g2b7,1667,Ataque Descubierto con Sacrificio,crushing discoveredAttack long master middlegame sacrifice,Ataque a la descubierta con sacrificio de pieza.,5,Lichess,https://lichess.org/KZRiN695/black#46
001aK,6k1/5p2/4p3/P1B5/2P4P/4P3/5P1K/5K2 b - - 1 33,d2e2 f1e2 g3g2 e3e4 f3d4 e2f2,2027,Movimiento Silencioso Final,crushing endgame hangingPiece long quietMove,Final avanzado definido por un movimiento silencioso.,5,Lichess,https://lichess.org/Epr0AiEh/black#66
001cr,8/3B2pp/p5k1/2p3P1/1p1p1K2/8/1P6/8 b - - 0 38,c5c4 d7e8,1606,Mate Final de Alfiles,bishopEndgame endgame mate mateIn1 oneMove,Mate en 1 jugada en final de alfiles.,5,Lichess,https://lichess.org/7FFNwibw/black#76
001gi,r6r/1pNk1ppp/2np4/b3p3/4P1b1/N1Q5/P4PPP/R3KB1R w KQ - 3 18,c7a8 a5c3,820,Mate de Boden Rápido,bodenMate hangingPiece mate mateIn1 middlegame oneMove,Defensa Siciliana: Patrón de Mate de Boden en 1 jugada (principiante).,5,Lichess,https://lichess.org/1sV2Hr22#35
001h8,2r3k1/2r4p/4p1p1/1p1q1pP1/p1bP1P1Q/P6R/5B2/2R3K1 b - - 5 34,c4e2 h4h7 c7h7 c1c8 g87 c8c7,1780,Sacrificio y Desviación,crushing deflection kingsideAttack long middlegame sacrifice,Ataque al flanco de rey con sacrificio y desviación.,5,Lichess,https://lichess.org/IxCahP6X/black#68
001kG,rnbq3r/1p2bkpp/p4n2/8/2pNP3/2N5/PPP3PP/R1BQ1RK1 b - - 1 11,e7c5 d1h5 f7g8 h5c5,1904,Clavada en Apertura Siciliana,advantage opening pin short,Defensa Siciliana: Apertura con tema táctico de clavada para ganar ventaja.,5,Lichess,https://lichess.org/xXAEaVto/black#22
001m3,7r/6k1/2b1pp2/8/P1N3p1/5nP1/4RP2/Q4K2 w - - 2 38,e2e6 h8h1 f1e2 h1a1,1459,Enfilada Ganadora en Final,advantage endgame short skewer,Final ganado mediante ataque de rayos X (enfilada).,5,Lichess,https://lichess.org/LELOz22f#75
001om,5r1k/pp4pp/5p2/1BbQ5/6K1/7P/1PP3P1/3R3R w - - 2 26,g4h4 c5f2 g2g3 f2g3,1018,Mate Sencillo en Dos,mate mateIn2 middlegame short,Mate sencillo en 2 jugadas en medio juego.,5,Lichess,https://lichess.org/VWOIWtIh#51
001pC,r4rk1/pp3ppp/3b4/2p1pPB1/7N/2PP3n/PP4PP/R2Q1RqK w - - 5 18,f1g1 h3f2,895,Mate de la Coz,mate mateIn1 middlegame oneMove smotheredMate,Defensa Siciliana: Mate de la coz en 1 jugada (clásico).,5,Lichess,https://lichess.org/d04UP3XD#35
001u3,2r3k1/p1q2pp1/6p/a52/2nP1P2/4P1P1/5K1P/2B1N3 b - - 3 33,c7b6 a6c8 g8h7 c8b7,2175,Pieza Colgada Nivel Experto,advantage hangingPiece middlegame short,Aprovechamiento de pieza colgada nivel experto.,5,Lichess,https://lichess.org/BBn6ipaK/black#66
001uD,6k1/1p3pp1/1p5p/2r1p3/2n5/r3PN2/2RnNPPP/2R3K1 b - - 1 32,f7f6 f3d2 c4d2 c2d2 c5c1 e2c1,1832,Consolidar Ventaja Larga,advantage long middlegame,Secuencia larga de medio juego para consolidar ventaja.,5,Lichess,https://lichess.org/2qkVLUl6/black#64
001w5,1rb2rk1/q5P1/4p2p/3p3p/3P4/2P5/2QK3P/3R2R1 b - - 0 29,f8f7 c2h7 g8h7 g7g8q,1039,Coronación y Atracción Mate,advancedPawn attraction mate mateIn2 middlegame promotion short,Coronación de peón que atrae al rey para dar mate.,5,Lichess,https://lichess.org/0e1vxAEn/black#58
001wR,6nr/pp3p1p/k1p5/8/1QN5/2P1P3/4KPqP/8 b - - 5 26,b7b5 b4a5 a6b7 c4d6 b7b8 a5d8,1212,Mate en Tres Final,endgame long mate mateIn3,Secuencia de mate en 3 jugadas contra el rey.,5,Lichess,https://lichess.org/ruvbd9JW/black#52
001wb,r3k2r/pb1p1ppp/1b4q1/1Q2P3/8/2NP1Pn1/PP4PP/R1B2R1K w kq - 1 17,h2g3 g6h5,1252,Apertura de Líneas Mate,mate mateIn1 middlegame oneMove,Apertura Ruy López: Mate en 1 movimiento tras apertura de líneas.,5,Lichess,https://lichess.org/hNzYRMWP#33
001wr,r4rk1/p3ppbp/Pp1q1np1/3PpbB1/2B5/2N5/1PPQ1PPP/3RR1K1 w - - 4 18,f2f3 d6c5 g1h1 c5c4,947,Tenedor en Partida Maestra,advantage fork master masterVsMaster middlegame short,Defensa Pirc: Ataque doble (tenedor) en partida de maestros.,5,Lichess,https://lichess.org/KnJ2mojX#35
001xO,k1r1b3/p1r1nppp/1p1qpn2/2Np4/1P1P4/P3NBQ1/5PPP/2R3K1 w - - 0 19,d3a6 b6c5 a6c8 c5c4,1710,Sacrificio Posicional Maestro,crushing master masterVsMaster middlegame sacrifice short,Defensa Eslava: Sacrificio posicional en partida de maestros.,5,Lichess,https://lichess.org/fNCePFgY#37
001xl,8/4R1k1/p5pp/3B4/5q2/8/5P1P/6K1 b - - 5 40,g7f6 e7f7 f6e5 f7f4,1105,Rayos X Ganando Dama,advantage endgame master masterVsMaster short skewer superGM,Rayos X (enfilada) para ganar la dama en el final.,5,Lichess,https://lichess.org/bEQkfPQD/black#80
002CP,r5k1/pp4pp/4p1q1/4p3/3n4/P5P1/1PP2Q1P/2KR1R2 w - - 4 24,f2e3 g6c2,926,Mate Flanco de Dama,endgame mate mateIn1 oneMove queensideAttack,Mate en 1 movimiento atacando el flanco de dama.,5,Lichess,https://lichess.org/pHZnIFdb#47
002Ds,8/1pp5/p2p4/P2Pk2p/1PP1p2P/2n1K2P/3N4/8 b - - 0 45,b7b6 b4b5 c3d1 e3e2 a6b5 a5a6,1980,Estrategia Final de Caballos,crushing endgame knightEndgame long,Final de caballos largo y estratégico.,5,Lichess,https://lichess.org/2SrvOtZN/black#90
002GQ,5rk1/5ppp/4p3/4N3/8/1Pn5/5PPP/5RK1 w - - 0 28,f1c1 c3e2 g1f1 e2c1,654,Tenedor Básico Final,crushing endgame fork short,Tenedor básico en final de partida (muy fácil).,5,Lichess,https://lichess.org/2K7g2pDT#55
002HE,1qr2rk1/1p1p1ppp/pB2p1n1/7n/2P1P3/1Q2NP1P/PP2B1Pb/3R1RK1 w - - 1 20,g1f2 b8g3,1206,Mate en Uno Maestro,master mate mateIn1 middlegame oneMove,Mate en 1 jugada en posición de medio juego.,5,Lichess,https://lichess.org/U21EXYdv#39
002Hv,8/8/8/3N2p1/5b2/3p3P/5kP1/3K4 w - - 16 56,d5f4 g5f4 h3h4 f2g2 h4h5 f4f3 d1d2 f3f2,1603,Peón Avanzado Decisivo,advancedPawn crushing endgame veryLong,Final largo con peón avanzado decisivo.,5,Lichess,https://lichess.org/rLJ8Hp1v#111
002IE,r3brk1/5pp1/p1nqpn1p/P2pN3/2pP4/2P1PN2/5PPP/RB1QK2R b KQ - 4 16,c6e5 d4e5 d6e7 e5f6,1205,Tenedor Sencillo Medio Juego,advantage fork middlegame short,Apertura de Peón de Dama: Táctica de ataque doble (tenedor) sencilla.,5,Lichess,https://lichess.org/fDwvVUIp/black#32
002KJ,r3kb1r/ppq2ppp/4pn2/2Ppn3/1P4bP/2P2N2/P3BPP1/RNBQ1RK1 b kq - 2 10,f8e7 f3e5 c7e5 e2g4,1643,Ganancia por Descubierta,crushing discoveredAttack middlegame short,Defensa Caro-Kann: Ataque a la descubierta para ganar material.,5,Lichess,https://lichess.org/2NpTzh7O/black#20
002LF,7r/p2q1pk1/1pp3p1/8/6P1/4Q3/PP1R1P1r/5KN1 b - - 0 38,d7g4 e3e5 f7f6 e5c7 g7h6 c7h2,2145,Interferencia Táctica Final,advantage endgame interference long,Interferencia táctica en final complejo.,5,Lichess,https://lichess.org/md88dHiL/black#76
002LW,3r1rk1/1b1n1pp1/3p4/p4PPQ/4P3/3d3/8/2R2RK1 b - - 1 28,d7e5 f5f6 e5f3 f1f3,2464,Ventaja Posicional Alta,advantage middlegame short,Táctica de alto nivel para obtener ventaja posicional.,5,Lichess,https://lichess.org/0khwj5dv/black#56
002Mm,rn1qr1k1/ppp3pQ/3p1pP1/3Pp3/2P1P3/8/PP3PP1/R1B1K3 b Q - 2 16,g8f8 h7h8 f8e7 h8g7,1276,Desviación para Mate,deflection mate mateIn2 middlegame short,Apertura de los Tres Caballos: Desviación del rey para lograr mate en 2.,5,Lichess,https://lichess.org/wAkPv4uG/black#32
002O7,r3qrk1/2p2pp1/p2bpn1p/2pp5/3P1P2/1PP1P1B1/P2N2PP/R2Q1RK1 b - - 0 14,f5g4 e5g4 f6g4 d1g4,966,Victoria Rápida Medio Juego,crushing middlegame short,Apertura de Peón de Dama: Victoria rápida y decisiva en el medio juego.,5,Lichess,https://lichess.org/dFEPPiEc/black#28
002Q2,7k/p4R1p/3p3r/2pN1n2/2PbBBb1/3P2P1/P3r3/5R1K w - - 1 28,f4h6 f5g3,872,Mate en la Esquina,cornerMate mate mateIn1 middlegame oneMove,Mate en la esquina en 1 jugada.,5,Lichess,https://lichess.org/yqAJ1jMv#55
002Tf,r3kbnr/ppp1qppp/2n5/3pP3/5B2/4PQ2/PPP2PPP/RN2KB1R w KQkq - 1 7,f1b5 e7b4 b1c3 b4b2,1564,Trampa de Tenedor Apertura,advantage fork opening short,Apertura de Peón de Dama: Trampa de apertura utilizando un tenedor.,5,Lichess,https://lichess.org/Zq56PwHK#13
002Ua,r4rk1/pp3ppp/3p1q2/P1P1p3/2B5/2B2n2/2P2P1P/R1Q11RK1 w - - 0 16,g1h1 f6f4 d1f3 f4f3,1817,Ataque Fuerte Flanco Rey,crushing kingsideAttack middlegame short,Defensa Siciliana: Ataque fuerte al flanco de rey para ventaja.,5,Lichess,https://lichess.org/06i3eMVp#31
002Uy,8/8/1p6/k7/P1R5/1K5r/8/8 w - - 26 64,c4c3 h3c3 b3c3 a5a4 c3b2 a4b4,1615,Defensa Precisa Torres,crushing defensiveMove endgame long rookEndgame,Defensa precisa en final de torres largo.,5,Lichess,https://lichess.org/sLU7YN1A#127
002VP,8/6p1/2B1bn2/6k1/3B4/6K1/4P3/8 b - - 4 44,e6d5 d4f6 g5f5 c6d5,1469,Victoria Táctica Contundente,crushing endgame short,Final con victoria táctica contundente.,5,Lichess,https://lichess.org/7yJGEbUK/black#88
002Z9,4r1k1/1p2R1p1/p2p2Pp/P1pP4/5q2/1P3p2/1P1Q3P/5B1K b - - 0 34,f4d2 e7e8,1231,Mate con Pieza Colgada,endgame hangingPiece master mate mateIn1 oneMove,Mate en 1 aprovechando pieza colgada en el final.,5,Lichess,https://lichess.org/Ek4aENjD/black#68
002bK,8/7p/2b1k3/p2p1pPB/1n1P3P/N1p1P3/4K3/8 b - - 1 42,c6b5 a3b5 c3c2 e2d2,1125,Ganancia Material Final,advantage endgame hangingPiece short,Ganancia de material (pieza colgada) en el final.,5,Lichess,https://lichess.org/IFGj8W5s/black#84
002e5,r2q4/pp1n1kbp/3P2b1/6N1/6Q1/3P3/6P1/4K2R b K - 1 21,f7g8 g4c4 g8h8 h1h7 g6h7 g5f7,2619,Sacrificio Complejo GM,crushing long middlegame sacrifice,Sacrificio complejo de nivel Gran Maestro.,5,Lichess,https://lichess.org/qaapuG48/black#42
002e8,r3nrk1/1b3pp1/4pb2/p3q3/1p1N4/3B2R1/PPPQN2P/1K4R1 b - - 1 23,a8d8 d2h6 g7g6 g3h3,2348,Defensa y Clavada,crushing defensiveMove master middlegame pin short,Defensa y clavada de alto nivel en medio juego.,5,Lichess,https://lichess.org/ygzu5djr/black#46
002mG,5r1k/B1p3pp/2Qb1p2/3Pq3/P6P/8/2P3K1/3R1R2 w - - 1 36,g2f2 f8e8 c6e8 e5e8,2245,Jugada Tranquila Decisiva,advantage middlegame quietMove short,Jugada tranquila decisiva en posición experta.,5,Lichess,https://lichess.org/age2hanq#71
002p5,r1bqr1k1/pp1nbpp1/2p2n2/6P1/2BP4/P7/1PQ2PP2/R3K2R b KQ - 0 13,f6d5 c2h7 g8f8 h7h8,899,Ataque Mate Apertura,kingsideAttack mate mateIn2 middlegame short,Defensa Francesa: Ataque de mate en 2 jugadas al rey en apertura.,5,Lichess,https://lichess.org/meSoQkhU/black#26
002rd,r6k/q1pb1p1p/1b3Pr6/p1ppP2Q/3P2p1/4B3/PP2NRPP/3R1K1 b - - 1 25,d7e6 e2f4 c5d4 f4g6 f7g6 h5h6,1795,Clavada Fuerte al Rey,crushing kingsideAttack long middlegame pin,Ataque al rey utilizando una clavada fuerte.,5,Lichess,https://lichess.org/NcD6lul8/black#50
002uV,r2r2k1/1p2qppp/2n1p3/5n2/p2P4/P3Q1N2/BP3PPP/2R1R1K1 w - - 4 20,d3f5 e6f5 e1e7 c6e7,1589,Ventaja en Medio Juego,advantage middlegame short,Obtención de ventaja en el medio juego.,5,Lichess,https://lichess.org/WKH5eIti#39
002vV,8/6k1/2R4p/5p1P/5P1K/6P1/8/r7 w - - 2 58,c6b6 a1h1,490,Mate de Torre Básico,endgame master mate mateIn1 oneMove rookEndgame,Mate en 1 con torre en final (muy básico).,5,Lichess,https://lichess.org/KB7FAntf#115
002xh,2nk4/8/2PBp1n1/1pK1P1p1/1P4P1/8/8/8 b - - 2 42,g6h4 c5b5 h4g2 b5a6 g2e3 a6b7,2065,Final Aplastante Experto,crushing endgame long,Final largo y aplastante nivel experto.,5,Lichess,https://lichess.org/TfRvsd3p/black#84
0030b,6k1/5ppp/5nb6/pp6/6rP/5N1Q/P2r1P1/3R2RK b - - 4 32,g6e4 d1d8 f6e8 d8e8,617,Mate Pasillo Básico,backRankMate mate mateIn2 middlegame short,Mate del pasillo en 2 jugadas (básico).,5,Lichess,https://lichess.org/mhIZR6Mc/black#64
00347,8/2p5/8/2pPk2p/8/4K2P/6P1/8 w - - 1 42,e3d3 h5h4 d3c4 e5d6,2264,Final Peones Sutil,crushing endgame pawnEndgame quietMove short,Final de peones sutil y avanzado.,5,Lichess,https://lichess.org/xFM0YP9S#83
0039T,1r5r/p3kp2/4p2p/4P3/3R1Pp1/6P1/P1P4P/4K2R w K - 1 25,d4a4 b81 e1f2 b1h1 a4a7 e7f8,1081,Enfilada Defensiva Torres,crushing defensiveMove endgame long rookEndgame skewer,Rayos X (enfilada) defensiva en final de torres.,5,Lichess,https://lichess.org/BrtVeJlj#49
003AX,2r2rk1/5ppp/bq2p3/p1ppP1N1/Pb1P2P1/1P2P2P/2QN4/2R1K2R b K - 1 18,c5d4 c2h7,966,Mate Atacando al Rey,kingsideAttack mate mateIn1 middlegame oneMove,Defensa Francesa: Mate en 1 jugada atacando al rey.,5,Lichess,https://lichess.org/kRgejRSt/black#36
003IX,8/3pk3/R7/1R2Pp1p/2PPnKr1/8/8/8 w - - 4 43,f4f5 e4g3,1713,Mate Final Un Movimiento,endgame mate mateIn1 oneMove,Mate en 1 movimiento en final de partida.,5,Lichess,https://lichess.org/576Btq56#85
003Jb,6k1/3bqr1p/2rpp1pR/p7/Pp1QP3/1B3P2/1PP3P1/2KR4 w - - 6 22,d4a7 e7g5 c1b1 g5h6,993,Tenedor Sencillo Maestro,advantage fork master middlegame short,Ataque doble (tenedor) sencillo en medio juego.,5,Lichess,https://lichess.org/8RvK0idj#43
003S3,r4k1r/pNqnppb1/6pn/2p3Np/7P/2P2Q2/PP3PP1/R1B1K2R b KQ - 2 15,a8b8 g5e6 f8g8 e6c7,1437,Ventaja por Clavada,advantage middlegame pin short,Defensa Moderna: Explotación de clavada para ganar ventaja.,5,Lichess,https://lichess.org/Eu6S0GPA/black#30
003Tx,2r5/pR5p/5p1k/4p3/4r3/3B4/PP3P2/1K2R3 w - - 0 27,e1e4 f3d2 b1a1 c8c1,1518,Mate Pasillo y Tenedor,backRankMate endgame fork mate mateIn2 short,Mate del pasillo y tenedor combinado en 2 jugadas.,5,Lichess,https://lichess.org/A7j9VEC0#53
003UW,8/6pk/7p/2p5/2qp4/5PP1/P3QK1P/8 b - - 1 40,c4d5 e2e4 d5e4 f3e4,1457,Ventaja Final de Damas,advantage endgame queenEndgame short,Final de damas con ventaja clara.,5,Lichess,https://lichess.org/cXMga3rb/black#80
003YF,r4rk1/1pp2ppp/p2p4/2bPp3/2P1Pn1q/P1N2B2/1P3P2/R1BQK11R w Q - 1 15,c1f4 h4f2,1054,Mate en f2,attackingF2F7 mate mateIn1 middlegame oneMove,Defensa Mexicana: Mate en 1 atacando el punto f2.,5,Lichess,https://lichess.org/5DK4vDDB#29
003aS,8/8/5k1p/6p1/1R4PP/1p2KP2/8/1r6 w - - 0 43,h4h5 b3b2 b4b6 f6e5 f3f4 g5f4,2014,Torres y Peón Avanzado,advancedPawn crushing defensiveMove endgame long rookEndgame,Final de torres difícil con peón avanzado.,5,Lichess,https://lichess.org/I7ZktFeR#85
003cs,2r1kbnr/pp4pp/4p3/3pP1N1/3q4/1P2B3/P3Q1PP/1N3RK1 b k - 1 16,d4e5 f1f8 e8f8 e3c5 c8c5 e2e5 c5c1 g1f2,1986,Atracción y Descubierta,advantage attraction discoveredAttack exposedKing middlegame sacrifice veryLong,Defensa Caro-Kann: Atracción y ataque a la descubierta complejo.,5,Lichess,https://lichess.org/PmRTKflq/black#32
003eP,8/r1b1q2k/2p3p1/2Pp4/1P2p1n1/2B1P3/NQ2/2K4R b - - 1 36,h7g8 h1h8 g8f7 h8h7 f7e8 h7e7,1156,Rayos X Rey Expuesto,crushing exposedKing long middlegame skewer,Ataque de rayos X (enfilada) al rey expuesto.,5,Lichess,https://lichess.org/n9vCFmKh/black#72
003if,8/3q1kpp/1P2p3/4E3/5P2/4E3/2r3PK/8 b - - 0 43,d7b7 e5h5 f7e7 e3c5 c2c5 h5c5,1664,Consolidar Ventaja Final,advantage endgame long,Final largo para consolidar ventaja.,5,Lichess,https://lichess.org/mYGtlm6w/black#86
003jH,rn3rk1/p5pp/3N4/4np1q/5Q2/1P3K2/PB1P2P1/2R4R w - - 0 25,f3f2 e5d3 f2e3 d3f4 h1h5 f4h5,1067,Tenedor Largo Ganador,crushing fork long middlegame,Tenedor largo para ganar material en medio juego.,5,Lichess,https://lichess.org/3CQGofXT#49
003jb,r3kb1r/p4ppp/b1p1p3/3q4/3Q4/4BN2/PPP2PPP/R3K2R b KQkq - 0 11,c6c5 d4a4 a6b5 a4b5,983,Tenedor Básico Ganar Pieza,crushing fork master middlegame short,Defensa Francesa: Ataque doble (tenedor) básico para ganar pieza.,5,Lichess,https://lichess.org/960EzUS0/black#22
003jv,1R6/1p2k2p/p2n2p1/4K3/8/6P1/P6P/8 w - - 10 37,b8h8 d6f7 e5e4 f7h8,1007,Tenedor Final Sencillo,crushing endgame fork short,Tenedor en final de partida sencillo.,5,Lichess,https://lichess.org/n0UvwK36#73
003md,r1b1k2N/ppp3pp/2n5/2bp4/7q/1B4n1/PPPP1P1P/RNBQ1RK1 w q - 0 10,f1e1 g3e4 e1e4 d5e4 d1h5 h4h5 b3f7 h5f7,2134,Defensa Precisa Larga,crushing defensiveMove middlegame veryLong,Defensa Petrov (Rusa): Defensa precisa en secuencia muy larga.,5,Lichess,https://lichess.org/ALtR2fxT#19
003mh,r4k1r/1pp2p2/p2p3p/3N4/3P2q1/8/PPP2P2/1K2Q1NR b - - 1 23,a8e8 e1e8 f8e8 d5f6 e8e7 f6g4,1424,Sacrificio y Tenedor,advantage attraction fork long middlegame sacrifice,Sacrificio de atracción seguido de tenedor.,5,Lichess,https://lichess.org/HSa4keKZ/black#46
003nQ,6rk/pp6/2n5/3ppn1p/3p4/2P2P1q/PP3QNB/R4R1K w - - 2 29,f1g1 f5g3 f2g3 g8g3,1287,Ataque Rey Clavada,crushing kingsideAttack master middlegame pin short,Ataque al rey usando una clavada en medio juego.,5,Lichess,https://lichess.org/p85fiZcl#57
003o0,r1bqk2r/pp1nbppp/3p4/1B1p4/3P4/8/PPP2PPP/R1BQK1NR w KQkq - 2 9,g1f3 d8a5 d1d2 a5b5,1003,Tenedor Apertura Material,advantage fork master opening short,Defensa Checa: Tenedor en la apertura para ganar material.,5,Lichess,https://lichess.org/Ae0t9V1Z#17
003r5,r2qr1k1/ppp2ppp/4b3/3P4/1nP2Q2/2N2N1P/PP3KP1/R4R2 w - - 1 15,d5e6 b4d3 f2g1 d3f4,1107,Ataque Doble Decisivo,crushing fork middlegame short,Gambito de Rey: Ataque doble decisivo en medio juego.,5,Lichess,https://lichess.org/JPN97v7j#29
003wQ,2r2rk1/6pp/3Q1q2/8/3N1B2/6P1/PP1K3P/R4b2 w - - 0 24,a1f1 f6d6 f4d6 f8f1,1887,Descubierta con Clavada,advantage discoveredAttack middlegame pin short,Ataque a la descubierta con clavada.,5,Lichess,https://lichess.org/W3wvnzlo#47
0040n,r7/p2k1pp1/p1p1pn2/3p4/3P4/P3PQp1/1PP2P1q/2K4R w - - 0 20,h1h2 g3h2 f3h3 f6g4,1233,Ventaja Peón Avanzado,advancedPawn advantage endgame short,Peón avanzado que genera ventaja en el final.,5,Lichess,https://lichess.org/WIUWcrdG#39
0042j,3r2k1/4nppp/pq1p1b2/1p2P3/2r2P2/2P1NR2/PP1Q2BP/3R2K1 b - - 0 24,d6e5 d2d8 b6d8 d1d8,438,Mate Pasillo Fácil,backRankMate mate mateIn2 middlegame short,Mate del pasillo en 2 jugadas (muy fácil).,5,Lichess,https://lichess.org/DuM2FZjg/black#48
00465,3r1Q1k/pp4pp/2p5/6q1/5R2/2P5/P1P2PPP/3rR1K1 b - - 8 27,d8f8 f4f8,594,Mate Pasillo Básico,backRankMate endgame mate mateIn1 oneMove queenRookEndgame,Mate del pasillo en 1 jugada (básico).,5,Lichess,https://lichess.org/h21VtqGG/black#54
0047P,8/1N3k2/6p1/8/2P3P1/pr6/R5K1/8 w - - 1 56,g2f1 b3b1 f1e2 b1b2 e2d1 b2a2,1769,Tenedor al Rey Expuesto,crushing endgame exposedKing fork long master,Final con tenedor y rey expuesto.,5,Lichess,https://lichess.org/Gb33KZKC#111
0048h,4r3/p5k1/2p2R1p/2Pp4/1P1pr1P1/P6P/8/3R3K w - - 1 35,f6c6 e4e1 d1e1 e8e1 h1g2 d43,1163,Torres y Rey Expuesto,crushing endgame exposedKing long rookEndgame,Final de torres ganador aprovechando rey expuesto.,5,Lichess,https://lichess.org/dq15P00L#69
004Ao,4qk2/1b3rR1/p7/1p2Q3/4P2P/P2P3K/2r5/3R4 w - - 5 41,g7f7 e8f7 e5h8 f8e7,1711,Ventaja Final Avanzado,advantage endgame short,Final corto de nivel avanzado para obtener ventaja.,5,Lichess,https://lichess.org/aFlzjb1K#81
004Ax,8/8/4R1kp/p7/5rPK/8/7P/8 b - - 2 42,g6f7 e6h6 f4f6 h6h7 f7g6 h7a7,1987,Torres Rey Expuesto,crushing endgame exposedKing long rookEndgame,Final de torres con rey expuesto y ventaja decisiva.,5,Lichess,https://lichess.org/x2mMwVJD/black#84
004BW,r1bk2r1/ppq2pQp/3bpn2/1BpnN3/5P2/1P6/PBPP2PP/RN2K2R w KQ - 3 13,e5f7 d8e7 g7g8 f6g8,1790,Ventaja Posicional Experta,advantage master middlegame short,Defensa Siciliana: Ventaja posicional en medio juego de nivel experto.,5,Lichess,https://lichess.org/EXlG6TZs#25
004JD,3r4/R7/2p5/p1P2p2/1p4k1/nP6/P2KNP2/8 w - - 3 41,d2e3 a3c2,1271,Mate Arrinconado Final,cornerMate endgame mate mateIn1 oneMove,Mate en 1 movimiento arrinconando al rey en el final.,5,Lichess,https://lichess.org/6vTeEc3x#81
004LZ,8/7R/5p2/p7/7P/2p5/3k2r1/1K2N3 w - - 3 48,e1g2 c3c2 b1a2 c2c1q h7d7 d2e2,1203,Promoción y Desviación,advancedPawn crushing defensiveMove deflection endgame long promotion,Final con promoción de peón y desviación defensiva.,5,Lichess,https://lichess.org/drahwNdj#95
004Lu,8/p1p4p/4Pk6/2PP1p1P/1r3r2/5B2/P3RK2/8 b - - 3 38,f6e7 d5d6 c7d6 c5d6 e7d6 e6e7,1152,Peón contra Rey Expuesto,advancedPawn advantage endgame exposedKing long master,Uso de peón avanzado contra rey expuesto en el final.,5,Lichess,https://lichess.org/WMeZuWza/black#76
004Op,2kr2r1/1bp4n/1pq1p2p/p1P5/1P3B2/P6P/5RP2/RB2Q1K1 w - - 3 26,e1f1 d8d1 f1d1 g8g2 g1f1 g2g1 f1e2 g1d1,2274,Sacrificio y Rayos X,crushing deflection kingsideAttack middlegame pin sacrifice skewer veryLong,Ataque complejo con sacrificio y rayos X nivel maestro.,5,Lichess,https://lichess.org/tneg9Bzk#51
004RF,5rk1/5ppp/1p6/1qp2P1Q/3p3P/6R1/6PK/8 b - - 0 30,c5c4 g3g7 g8g7 f5f6 g7f6 h5b5,1746,Atracción y Descubierta,attraction crushing discoveredAttack endgame long sacrifice,Ataque a la descubierta y atracción en el final.,5,Lichess,https://lichess.org/2UeWcE4h/black#60
004Ud,r1bqk2r/p3Bppp/3p4/1ppn4/4P3/4Q3/PPP2PPP/2K1R1 b kq - 0 11,d5e7 f1b5 c8d7 d1d6 d7b5 d6d8,1617,Interferencia Táctica Medio Juego,advantage interference long middlegame,Apertura de los Tres Caballos: Tema táctico de interferencia en el medio juego.,5,Lichess,https://lichess.org/pJ7nXTvE/black#22
004WZ,r6k/1b3pp1/p1q1pn1p/2p5/P1B5/1PN4Q/2P1RP1P/R4Kr1 w - - 2 26,f1g1 c6h1,891,Mate Sencillo Medio Juego,mate mateIn1 middlegame oneMove,Mate en 1 jugada sencillo en medio juego.,5,Lichess,https://lichess.org/BQIdXPOM#51
004X6,1r4k1/p4ppp/2Q5/3pq3/8/P6P/2PR1PP1/Rr1K1 w - - 1 26,a1b1 b8b1 d2d1 b1d1,1152,Mate en Dos Final,endgame mate mateIn2 short,Mate en 2 jugadas en el final.,5,Lichess,https://lichess.org/wvPFkjF9#51
004XI,8/3kqp2/4p3/p2p4/3P1P2/4P1g3/7r/1QR2K2 b - - 1 34,e7a3 b1b7 d7e8 c1c8,982,Secuencia Mate Final,endgame mate mateIn2 short,Secuencia de mate en 2 en el final.,5,Lichess,https://lichess.org/54fnArpo/black#68
004Ys,r4rk1/3q1pbp/p1n1p1p1/2p3NP/1p3B2/3P3Q/PPP3P1/R3R1K1 b - - 2 19,d7d4 f4e3 d4f6 e1f1 f6e5 h5g6 e5e3 h3e3,2299,Defensa Maestra Secuencia,advantage defensiveMove middlegame veryLong,Defensa Siciliana: Defensa precisa en secuencia larga nivel maestro.,5,Lichess,https://lichess.org/LcIJdugn/black#38
004b0,5kB1/4b3/4P3/2p2P2/2b5/8/p7/B6K w - - 4 48,g8f7 e7g5 f5f6 g5e3 a1e5 e3f4 e5f4 a2a1q,2368,Coronación Final Alfiles,advancedPawn bishopEndgame crushing deflection endgame promotion quietMove veryLong,Final de alfiles complejo con jugada silenciosa y coronación.,5,Lichess,https://lichess.org/CJKIi1QJ#95
004d8,8/4kr2/R2p4/1p1Pp1p1/5p2/3K1P2/PPP5/8 b - - 0 39,g5g4 a6a7 e7f6 a7f7 f6f7 f3g4,1608,Imponer Ventaja Torres,crushing endgame long rookEndgame,Final de torres largo para imponer ventaja.,5,Lichess,https://lichess.org/FrR3BHbW/black#78
004iZ,r2r2k1/2q1bpp1/3p1n1p/1pp5/1P1BP3/P5Q1/4RPPP/R5K1 b - - 1 20,f6d5 g3g7,469,Mate Fácil al Rey,kingsideAttack mate mateIn1 middlegame oneMove,Mate en 1 jugada muy fácil atacando al rey.,5,Lichess,https://lichess.org/dQ85JUe1/black#40
004kB,4rr1k/pQpn2pp/3p1q2/8/8/2P5/PP3PPP/RN3RK1 w - - 1 16,b7c7 f6f2 f1f2 e8e1 f2f1 e1f1,1209,Sacrificio Mate en Tres,kingsideAttack long mate mateIn3 middlegame sacrifice,Apertura Ruy López: Sacrificio para lograr mate en 3 jugadas.,5,Lichess,https://lichess.org/Cl9T6bjt#31
004mT,5Q2/8/1b1kp1p1/5p2/34/5qPK/7P/8 b - - 1 51,d6c6 f8a8 c6d6 a8f3,1287,Ganancia por Enfilada,advantage endgame short skewer,Ganancia de material mediante rayos X (enfilada).,5,Lichess,https://lichess.org/Jqhi4ozb/black#102
004nd,3q2k1/2r5/pp3p1Q/2b1n3/P3N3/2P5/1P4PP/R6K b - - 0 24,c7d7 e4f6 d8f6 h6f6,898,Tenedor Básico Medio Juego,crushing fork middlegame short,Ataque doble (tenedor) básico en medio juego.,5,Lichess,https://lichess.org/IajkZZBp/black#48
004sY,8/2k3n1/3p2p1/1KpP2Pp/2P4P/7B/8/8 w - - 0 57,b5a6 c7d8 a6b5 g7f5,2191,Final Contundente Maestro,crushing endgame short,Final contundente de nivel maestro.,5,Lichess,https://lichess.org/sMrTPfXp#113
004sg,6k1/p3b2p/1p1pP3/2p5/1Pnp4/P6P/3Q3K/8 w - - 0 38,b4c5 c4d2 c5c6 d6d5 g5g6 e7d6,2394,Despeje y Jugada Tranquila,advantage clearance endgame hangingPiece long quietMove,Despeje de líneas y jugada tranquila nivel Gran Maestro.,5,Lichess,https://lichess.org/pSRIvt7K#75
004u0,6k1/ppq3pp/2p1rp2/45r3/44/P5RP/1P3PP1/3R2K1 b - - 3 34,e6e8 d1d7 c7d7 g4d7,1386,Ventaja Final Intermedio,advantage endgame short,Obtención de ventaja en final intermedio.,5,Lichess,https://lichess.org/3gEqoQeQ/black#68
004zI,2q3k1/4br1p/6RQ/1p1n2p1/7P/1P4P1/1B2PP2/6K1 b - - 0 27,h7g6 h6h8,1451,Mate Final Un Movimiento,endgame mate mateIn1 oneMove,Mate en 1 movimiento en el final.,5,Lichess,https://lichess.org/HE33gdt4/black#54
004zh,4b1k1/4e7/3R2pp/1ppBP1q1/8/PP4P1/2P4P/3R3K b - - 2 38,g5h5 d1f1 g87 d5f7 e8f7 d6d8 h5e5 f1f7 g7f7 e7e8q e5e8 d8e8,2624,Final Complejo Táctico,advancedPawn attraction crushing endgame exposedKing intermezzo pin promotion quietMove veryLong,Final muy complejo con múltiples temas tácticos.,5,Lichess,https://lichess.org/sYeKSrqj/black#76
0050w,5rk1/1p2p1rp/p2p4/2pPb2R/2P1P3/1P1BKP1R/8/8 b - - 4 30,g7g3 h3g3 e5g3 h5g5 g8f7 g5g3,1066,Tenedor Largo Final,crushing endgame fork long,Ataque doble (tenedor) en secuencia larga de final.,5,Lichess,https://lichess.org/QD8pUcTR/black#60
0054a,r1b2rk1/ppq2ppp/8/4b2Q/4R3/3B4/PP3PPP/R1B3K1 b - - 1 15,g7g6 h5e5 c7e5 e4e5,1484,Ventaja Posicional,advantage middlegame short,Apertura de Peón de Dama: Ventaja posicional en medio juego.,5,Lichess,https://lichess.org/kZlE1pvD/black#30
0055Y,r1b2rk1/p3pp2/2B4b/2Q5/3N4/4P3/2P2PPP/1R2K2R b K - 1 23,h6e3 f2e3 e5e3 e1d1,2041,Recurso Defensivo Experto,advantage defensiveMove middlegame short,Recurso defensivo para mantener ventaja nivel experto.,5,Lichess,https://lichess.org/7Jpwzowt/black#46
005Bm,4rk2/p1q5/1p3Q1b/8/1p5N/2P1p3/P3P3/2K5 b - - 0 43,c7f7 h4g6 f8g8 f6h8,1229,Mate con Clavada,endgame mate mateIn2 pin short,Mate en 2 aprovechando una clavada.,5,Lichess,https://lichess.org/KKslCMev/black#86
005Ep,5kr1/ppR3p1/3R3p/8/1r1n4/8/1P3PPP/2K5 b - - 4 31,d4b5 d6d8,950,Mate Básico Final,endgame mate mateIn1 oneMove,Mate en 1 jugada básico en el final.,5,Lichess,https://lichess.org/ttFEoJfQ/black#62
005HG,r2q1rk1/p1p2pp1/3bbn1p/4N3/2Q5/1P4P1/PB1PPP1P/RN2K2R w KQ - 1 12,c4c2 d6e5 b2e5 d8d5 f2f3 d5e5,1744,Despeje y Ataque Doble,advantage clearance fork long opening,Apertura Inglesa: Despeje y ataque doble en la apertura.,5,Lichess,https://lichess.org/JTymzeq9#23
005N7,r6k/2q3pp/8/2p1n3/R1Qp4/7P/2PB2PP/6K1 b - - 0 32,e5c4 a4a8 c7b8 a8b8,666,Mate Pasillo Fácil,backRankMate endgame hangingPiece mate mateIn2 short,Mate del pasillo en 2 jugadas (fácil).,5,Lichess,https://lichess.org/jxZhmGhg/black#64
005YM,5k2/p4pp1/1qn6r/3pP2p/5P2/1NPQ4/Pr3RPP/R5K1 w - - 5 24,b3d4 b2f2 g1f2 c6d4 d3d4 b6b2,2413,Lucha Posicional Maestra,advantage long middlegame,Lucha posicional larga de nivel maestro.,5,Lichess,https://lichess.org/fDmK2ipV#47
005YX,2rr4/2N2pk1/p1Q1b1pp/1p4q1/3pP3/1B1P4/PPP3PP/6RK w - - 7 25,c7e6 f7e6 c6b7 g7h8,1823,Defensa para Igualar,defensiveMove equality middlegame short,Jugada defensiva para igualar la posición.,5,Lichess,https://lichess.org/zbi5w5Qy#49
005do,7r/pp1k4/4p1b1/3pP1Np/3P1P1K/8/P7/2R5 b - - 7 42,h8f8 c1c7 d7c7 g5e6 c7b6 e6f8,1439,Atracción y Desviación,attraction crushing deflection endgame fork long sacrifice,Atracción y desviación para un ataque doble.,5,Lichess,https://lichess.org/Q1hPi58C/black#84
005f3,r5k1/2p1pp2/pp4p1/1q1r4/5P2/2QP2R1/PP6/1K4R1 b - - 0 32,d5h5 g3g6 f7g6 g1g6 g8f7 c3g7 f7e8 g7g8 e8d7 g8e6 d7d8 g6g8,1902,Sacrificio Final Largo,crushing endgame sacrifice veryLong,Sacrificio decisivo en un final largo.,5,Lichess,https://lichess.org/Prb24UzR/black#64
005jJ,r1b1qrk1/pp1n1pbp/2pp1np1/4p3/2PP1B2/2NBPN1P/PP3PP1/R2Q1RK1 w - - 1 10,d4e5 d6e5 f4h2 e5e4,1215,Ventaja en Apertura,advantage opening short,Apertura de Peón de Dama: Ventaja obtenida en la fase de apertura.,5,Lichess,https://lichess.org/wt6Q2xGb#19
005jR,8/5p1k/1P4pp/3Q5/4BP2/6P1/1p2P2P/2q3K1 w - - 1 34,g1f2 b2b1q e4b1 e5g4 f2f3 c1h1,2779,Coronación Nivel Alto,advancedPawn crushing endgame long promotion,Coronación de peón en final de altísimo nivel.,5,Lichess,https://lichess.org/ltr8kYV9#67
005nD,3rk2r/2qn1pp1/p1Q1R3/3n3p/8/8/PP4PP/5R1K b k - 0 23,f7e6 c6e6 d5e7 e6f7,1028,Tenedor a Mate,fork mate mateIn2 middlegame short,Ataque doble que lleva a mate en 2.,5,Lichess,https://lichess.org/hlgaj6lV/black#46
005qG,8/8/1p1k1p1p/3npp2/2B5/PP1K1PP1/7P/8 b - - 0 36,f5f4 c4d5 f4g3 h2g3 d6d5 g3g4,2310,Defensa Precisa Maestra,crushing defensiveMove endgame long,Defensa precisa en final de nivel maestro.,5,Lichess,https://lichess.org/RMj9gStA/black#72
005wJ,r3kb1r/ppqn1ppp/4pn2/1Q2Nb2/3P4/8/PP2PPPP/RNB1KB1R w KQkq - 4 9,e5d7 c7c1,1537,Mate por Error Grave,hangingPiece mate mateIn1 oneMove opening,Apertura de Peón de Dama: Mate en 1 en apertura tras error grave del rival.,5,Lichess,https://lichess.org/2mU9GJhQ#17
005ws,8/8/5pp1/3K3p/3N2kP/8/8/8 w - - 2 62,d5e6 g6g5 h4g5 f6g5 e6d5 h5h4 d5e4 h4h3 d4f3 g4g3,2342,Técnica Final Caballos,crushing endgame knightEndgame master masterVsMaster quietMove veryLong,Final de caballos técnico y largo nivel maestro.,5,Lichess,https://lichess.org/LOwACSXb#123
005wy,1r6/pp2kpp1/2n1p1n1/3p2PQ/5P2/2P3P3/PP1N4/2KR1R w - - 3 27,h5h7 c6b4 c3b4 b8c8 d2c4 c8c4,1901,Sacrificio Mate en 3,long mate mateIn3 middlegame queensideAttack sacrifice,Sacrificio para mate en 3 en el flanco de dama.,5,Lichess,https://lichess.org/mBQMheB4#53
005x9,r1b1kb1Q/ppp4p/6pB/3P4/2pn4/8/PPP1qPPP/RN1K3R w q - 2 13,d1c1 e2c2,886,Mate Sencillo Flanco,mate mateIn1 middlegame oneMove queensideAttack,Apertura Italiana: Mate en 1 jugada sencillo atacando el flanco.,5,Lichess,https://lichess.org/TiwHxq8n#25
005xu,8/3k4/1K1P4/2P3r1/4R7/5b2/8/8 b - - 0 68,g5g8 a4a7 d7e6 a7e7 e6d5 d6d7,1914,Peón y Rey Expuesto,advancedPawn crushing endgame exposedKing long,Explotación de rey expuesto con peón avanzado.,5,Lichess,https://lichess.org/TDu28XvE/black#136
005yO,r1r3k1/ppq3bQ/4p2p/4n3/3p4/2P5/PBB2PPP/4R1K1 b - - 2 24,g8f8 b2a3 f8f7 c2d1 c8h8 d1h5 f7f6 h7e4,3086,Jugada Sutil Profunda,advantage exposedKing middlegame quietMove veryLong,Secuencia muy profunda con jugada sutil (nivel motor).,5,Lichess,https://lichess.org/j65YI8hC/black#48
0061g,6k1/pp3pp1/2p1q1Pp/3b4/8/6Q1/PB3Pp1/3RrNK1 b - - 2 27,e1d1 g3b8 e6e8 b8e8,801,Mate Fácil Final,endgame mate mateIn2 short,Mate en 2 jugadas fácil en el final.,5,Lichess,https://lichess.org/dJ3xEKJK/black#54
00656,7r/ppp2kp1/2nb6pp6/3p3r/3P2q1/2PQB2P/PP3PP1/R3R1K1 w - - 0 18,h3g4 h5h1,641,Mate Principiante,mate mateIn1 middlegame oneMove,Defensa Escandinava: Mate en 1 movimiento para principiantes.,5,Lichess,https://lichess.org/V9os02rv#35
0068B,r1q3k1/4bppp/pp2pn2/4B3/8/2N2Q2/PPPR1PPP/6K1 b - - 0 18,f6d7 d2d7 c8d7 f3a8,1423,Desviación Medio Juego,crushing deflection middlegame short,Defensa Siciliana: Táctica de desviación en el medio juego.,5,Lichess,https://lichess.org/LNdzAgWP/black#36
0068D,7r/pppk4/2pb1r2/8/2NP2p1/2P5/PP2RPP1/4R1K1 w - - 2 26,c4d6 f6h6 f2f4 g4g3 e2e7 d7d6 g1f1 h6h1,1918,Convertir Ventaja Final,crushing endgame veryLong,Final largo para convertir una ventaja decisiva.,5,Lichess,https://lichess.org/WNAZgV2o#51
006E1,5rk1/R4pp1/1p5p/3Q4/1PPp2q1/3P2P1/5P2/4n1K1 w - - 0 34,f1e1 f8e8 e1f1 g4h3 d5g2 e8e1 f1e1 h3g2,1640,Desviación Final Largo,crushing deflection endgame veryLong,Desviación en final largo nivel intermedio-alto.,5,Lichess,https://lichess.org/KaLKLKD5#67
006GK,2kr1br1/ppBb1ppp/8/3P2Q1/3n2n1/5N2/PP3qPP/RN2R2K b - - 0 16,d4f3 g5d8,1020,Mate Apertura Flanco,mate mateIn1 oneMove opening queensideAttack,Apertura Italiana: Mate en 1 en la apertura atacando el flanco de dama.,5,Lichess,https://lichess.org/CSpoYrv7/black#32
006HV,1r6/5k2/2p1pNp6/p5Pp/1pQ1P2P/2P4R/KP3P2/3q1 w - - 4 31,c4c6 b4b3 a2a3 d1a1,1145,Mate Final Dos Jugadas,endgame mate mateIn2 short,Mate en 2 jugadas en el final.,5,Lichess,https://lichess.org/ibb2c72C#61
006NL,1r6/k2qn1b1/p1b1p1p1/2PpPpN1/24N1P1P/3B4/1PP2Q2/1K1R3R w - - 0 32,d4c6 e7c6 b2b3 a3a2 b1a1 c4e5 f4e5 g7e5 a1a2 b8b5,2545,Clavada y Peón GM,advancedPawn advantage middlegame pin veryLong,Clavada y peón avanzado en juego de Gran Maestro.,5,Lichess,https://lichess.org/yA3M5Q6W#63
006OI,8/p7/5k2/P5R1/6KP/8/8/5r2 w - - 5 53,g5g8 f1g1 g4f4 g1g8,843,Enfilada Final Torres,crushing endgame rookEndgame short skewer,Rayos X (enfilada) en final de torres sencillo.,5,Lichess,https://lichess.org/6AH1H5wg#105
006RM,1k1r3r/2q5/pp1n2p1/8/1Q6/3R2P1/PPP2P1P/3R2K1 b - - 4 29,c7c5 b4c5 b6c5 d3d6 d8d6 d1d6,1448,Ataque Sostenido,crushing long middlegame,Ataque sostenido en el medio juego.,5,Lichess,https://lichess.org/ceS0QvtT/black#58
006XF,r5kr/pp1qb1p1/2p4p/3pPb5H/3P4/2P1B3/PP4PP/R4RK1 b - - 1 17,f5e4 h5f7 g8h7 f1f6 e7f6 f7d7,2370,Clavada Nivel Maestro,advantage long middlegame pin,Defensa Petrov (Rusa): Uso de la clavada en medio juego nivel maestro.,5,Lichess,https://lichess.org/Ynra1LLE/black#34
006cZ,3r1rk1/1p4p1/p1p3Qp/2q5/8/3n1N1P/PP1R2P1/5R1K b - - 7 28,g8h8 d2d3 d8d3 g6d3,1376,Ventaja Táctica Maestra,advantage master masterVsMaster middlegame short,Ventaja táctica en posición de partida maestra.,5,Lichess,https://lichess.org/qrbDEp56/black#56
006fF,r1b4r/pp1k2pp/2nb6q/1B1p2B1/3p3Q/8/PPP2PPP/3RR1K1 b - - 5 17,h7h6 h4g4 d7c7 g5d8 h8d8 g4g6,1995,Descubierta al Rey,advantage discoveredAttack exposedKing long middlegame,Apertura Italiana: Ataque a la descubierta contra rey expuesto.,5,Lichess,https://lichess.org/mAf9SSin/black#34
006i7,r4rk1/3nqpp1/2p1bn1p/3pN3/1p1P4/2N3P3/1PB2PP1/R4RK1 w - - 0 18,e5c6 e7d6 a1a8 f8a8 c6b4 d6b4,1769,Ganar Ventaja Posicional,advantage long middlegame,Gambito de Dama Rehusado: Secuencia larga de medio juego para ganar ventaja.,5,Lichess,https://lichess.org/77CYKPKY#35
006ia,1r4k1/4bpp1/1rp2n1p/3p4/3P4/2N1B1P1/P2Q2PK/2R1R3 w - - 3 24,e3h6 b2e2 e1e2 e7a3 h6e3 a3c1,2073,Lucha Posicional Larga,advantage long middlegame,Lucha posicional larga nivel experto.,5,Lichess,https://lichess.org/fcKXrUhC#47
006of,r2qr2k/1pp2pp1/1b4np/pP2P3/P4n2/BQN2N1P/5PP1/R3R1K1 w - - 3 20,b3f7 d8d3 c3e2 f4e2 e1e2 d3e2,2575,Ataque Flanco Rey GM,advantage kingsideAttack long middlegame,Ataque al flanco de rey nivel Gran Maestro.,5,Lichess,https://lichess.org/MIdWd89x#39
006om,1r3k2/5p1p/2p1pp2/P2n4/2r14/P4PK1/2R2P1P/2R5 b - - 9 29,c4a4 e4c5 a4a5 c5d7 f8g7 d7b8,1910,Tenedor Final Experto,crushing endgame fork long master,Ataque doble (tenedor) decisivo en final experto.,5,Lichess,https://lichess.org/BMIgw1OR/black#58
006pe,r4r2/2q1NN2/4bQpk/2n4p/4p4/8/1PP2PP1/2KR1R1 b - - 0 28,e6f7 e7f5 h6h7 f6g7,1661,Mate por Clavada,master mate mateIn2 middlegame pin short,Mate en 2 explotando una clavada.,5,Lichess,https://lichess.org/gkSEAS27/black#56
006wz,2r5/4ppkp/5bp1/1p6/1P6/P3B3/2r2PPP/1R1R1K1 b - - 2 22,f6b2 b1b2 c2b2 e3d4 f7f6 d4b2,1428,Sacrificio y Tenedor,attraction crushing endgame fork long sacrifice,Sacrificio de atracción seguido de tenedor.,5,Lichess,https://lichess.org/qT0W6o27/black#44
006yP,6R1/8/Kpk1p3/1p1pP3/6P1/PPP1r3/8/8 b - - 3 40,e3c3 g8c8 c6d7 c8d7 c8c3,819,Enfilada Torres Básico,crushing endgame master rookEndgame short skewer,Rayos X (enfilada) en final de torres básico.,5,Lichess,https://lichess.org/vf9MOLH1/black#80
0071K,3N1r2/6R1/kp6/p2pPp1Q/2pP2P1/2q5/2P5/2C1K5 w - - 0 38,g7a7 a6a7 h5h7 a7a6,1137,Captura tras Defensa,crushing defensiveMove endgame hangingPiece short,Captura de pieza colgada tras defensa.,5,Lichess,https://lichess.org/gY0ZkxR4#75
0071N,6k1/p4pp1/1p5p/4b3/4B3/4P1P1/Pp2PK2/3r4 b - - 1 30,b2b1q c2c8 d1d8 c8d8,610,Mate Fácil Dos Movimientos,endgame mate mateIn2 short,Mate en 2 movimientos muy fácil.,5,Lichess,https://lichess.org/HRlw71ON/black#60
0072T,3q1nk1/1bN2rpp/pp1P4/1N6/4n2b/8/PPP2PPP/R1BQ1RK1 w - - 1 16,b5d4 h4f2 f1f2 e4f2,2312,Ataque Maestro al Rey,advantage kingsideAttack master middlegame short,Defensa Philidor: Ataque al rey en partida de nivel maestro.,5,Lichess,https://lichess.org/aqhibPRF#31
00734,rn3bk1/2rq7/2p3p1/3p1p2/3P1P1H/pP1BP3/P2Q2PR/1K1R4 b - - 0 26,b8a6 d3f5 e7e6 f5g6,1661,Ganancia por Clavada,crushing middlegame pin short,Ganancia decisiva usando una clavada.,5,Lichess,https://lichess.org/jM0Jnw0u/black#52
00761,3r2k1/1b3pbR/p2P2P1/3p2N1/2p5/2P2N2/PP6/2K5 b - - 0 28,f7g6 h7g7 g8g7 g5e6 g7g8 e6d8,1525,Sacrificio y Tenedor Final,attraction crushing endgame exposedKing fork long sacrifice,Sacrificio de atracción y tenedor en final.,5,Lichess,https://lichess.org/vu70Maig/black#56
0078T,rk5r/1b3R2/pp2p2q/4P2p/B2p3B/4R2P/PP4P1/5Q1K b - - 0 27,d4e3 f7b7 b8b7 f1f7 b7b8 h4e7,2248,Sacrificio Flanco Dama,attraction crushing defensiveMove exposedKing long middlegame queensideAttack sacrifice,Ataque complejo con sacrificio al flanco de dama.,5,Lichess,https://lichess.org/mXf4gFYU/black#54
007AH,3r1n2/1bp1bkpp/p1q2n2/1p6/3P4/P1N3B1/1PP2PPP/R2QR1K1 w - - 5 18,d1e2 c6g2,721,Mate al Rey,kingsideAttack master mate mateIn1 middlegame oneMove,Defensa Escandinava: Mate en 1 jugada atacando al rey.,5,Lichess,https://lichess.org/MCM1Gmz4#35
007AS,r3kb1r/3nnpp1/4p1bp/1NppP3/3P4/6N1/P2BBPPP/R3K2R b KQkq - 0 17,a8b8 b5d6 e8d8 d2a5,1585,Victoria Táctica Corta,crushing master middlegame short,Defensa Caro-Kann: Victoria táctica corta en medio juego.,5,Lichess,https://lichess.org/Nfuw1Dug/black#34
007HB,rn2q1k1/pp3ppp/2pb6/3p1B2/2Pn4/1Q3N2/PP3PPP/R1B4K w - - 0 15,f3d4 e8e1,537,Mate Principiante,mate mateIn1 middlegame oneMove,Defensa Petrov: Mate en 1 jugada para principiantes.,5,Lichess,https://lichess.org/prYQo0BK#29
007Rn,4r1k1/p4p1p/1p6/6q1/3P2n1/P4Q2/1P1B2P1/7K w - - 0 34,d2g5 e8e1 f3f1 e1f1,992,Mate Final Dos Jugadas,endgame mate mateIn2 short,Mate en 2 jugadas en el final.,5,Lichess,https://lichess.org/L9kH7FqT#67
007XE,2kr3r/p1p1bpp1/2p2n1p/8/8/1P6/P1P1RPPP/RNB1K1 w - - 1 16,e2e7 d8d1 e7e1 d1e1,645,Pasillo y Tenedor,backRankMate fork mate mateIn2 middlegame short,Apertura de Peón de Rey: Mate del pasillo combinado con tenedor.,5,Lichess,https://lichess.org/f4f7UwiT#31
007c6,2kr3r/pp1n2pp/2QB6/5q2/2B5/8/PPP2PPP/3R1RK1 b - - 0 17,b7c6 c4a6,721,Mate de Boden,bodenMate mate mateIn1 middlegame oneMove,Gambito Elefante: Patrón de Mate de Boden en 1 jugada.,5,Lichess,https://lichess.org/vqwzqZHC/black#34
007eS,6k1/p4p2/1p5p/4r3/P3B3/1P3P2/2PK2PP/8 w - - 0 29,d2e3 f7f5 g2g4 f5e4,1275,Ventaja Posicional Final,advantage endgame short,Ventaja posicional en el final.,5,Lichess,https://lichess.org/8qs8bafy#57
007en,rn3rk1/4pp1p/3p2p1/2q4P/3bP1b1/Pp2Q3/1P2B2/1K1R2NR w - - 0 20,e3d4 c5c2 b1a1 a8a3 b2a3 c2a2,1764,Sacrificio Mate en 3,long mate mateIn3 middlegame queensideAttack sacrifice,Sacrificio para mate en 3 en flanco de dama.,5,Lichess,https://lichess.org/jzE2yKAk#39
007fJ,8/1P3ppp/8/8/8/2pk3P/3p2P1/3K4 w - - 0 52,b7b8q c3c2,496,Mate Dama y Peón,advancedPawn endgame mate mateIn1 oneMove queenEndgame,Mate en 1 con dama y peón avanzado.,5,Lichess,https://lichess.org/34ezZi7R#103
007gO,2r3rk/5p2/4p2p/4q3/1Q6/8/1P3PPP/R4RK1 w - - 0 31,a1c1 e5g5 g2g3 c8c1,2197,Victoria Final Experto,crushing endgame short,Victoria contundente en final nivel experto.,5,Lichess,https://lichess.org/id1brvZc#61
007ku,r1bq3Q/1np2kp7/p5B1/1p1Pp3/1Pn2BP1/2b2P2/P3K3/R4N2 b - - 5 35,f7g6 h8h5 g6f6 f4g5,1627,Mate Dos Jugadas,mate mateIn2 middlegame short,Mate en 2 jugadas en medio juego.,5,Lichess,https://lichess.org/QveLbBjG/black#70
007mr,5k2/p2r3p/1p4pP/3r1q2/3Rp3/2P5/PP3PQ1/K3R3 w - - 0 33,d4e4 d5d1 e1d1 d7d1,630,Mate Pasillo Dos Jugadas,backRankMate endgame mate mateIn2 short,Mate del pasillo en 2 jugadas.,5,Lichess,https://lichess.org/J12UnEgz#65
007tv,r3k1nr/1pp2ppp/1pnp2q1/4p1B1/2B1P3/3P1Q1P/PPP2PP1/R4RK1 b kq - 0 11,g6g5 f3f7 e8d8 f7f8 d8d7 f8a8,1124,Ataque Rayos X f7,advantage attackingF2F7 long middlegame skewer,Apertura Italiana: Ataque sobre f7 con tema de rayos X.,5,Lichess,https://lichess.org/ky7qZNjk/black#22
0082f,r4rk1/2q2ppp/3pp3/4Pb5N/ppp6/1B4Q1/PPP3PP/1K1RR1 b - - 0 21,a4b3 g3g7,951,Mate Flanco Rey,kingsideAttack mate mateIn1 middlegame oneMove,Mate en 1 atacando el flanco de rey.,5,Lichess,https://lichess.org/fHfmODEz/black#42
0088O,7Q/2p5/1p2prp1/p4k1p/P4p1P/8/6RK/3q4 b - - 2 37,d1a4 g2g5 f5e4 h8f6,1133,Desviación Final,crushing deflection endgame short,Desviación ganadora en el final.,5,Lichess,https://lichess.org/GmH1DPx6/black#74
008D5,r1bqk2r/pp3ppp/4p2n/3pP3/1b1P1P2/2N5/PP4PP/R1BQKB1R b KQkq - 2 9,h6f5 d1a4 c8d7 a4b4,1408,Tenedor Apertura,advantage fork master opening short,Defensa Francesa: Ataque doble (tenedor) en la apertura.,5,Lichess,https://lichess.org/jIGC2FuP/black#18
008EC,6k1/4rpp1/p6p/7P/q1pP1R2/2Pb2Q1/P4RP1/6K1 w - - 9 31,f4f7 e7f7 g3b8 g8h7 f2f7 a4d1 g1f2 d1f1 f2g3 f1f7,2242,Enfilada Final Largo,advantage endgame skewer veryLong,Rayos X (enfilada) en final largo nivel maestro.,5,Lichess,https://lichess.org/q5CqLXP5#61
008GK,1k1r4/ppp3p1/8/1P5p/8/P3n2P/2P1r1P1/B3NRK1 b - - 4 31,d8d1 f1f8 d1d8 f8d8,514,Mate Pasillo Principiante,backRankMate endgame mate mateIn2 short,Mate del pasillo en 2 jugadas (principiante).,5,Lichess,https://lichess.org/9vFFDYsH/black#62
008LD,8/6pp/4N1k1/5p2/5P2/5rPb/4R2P/6K1 w - - 0 35,e6g5 f3f1,404,Mate Básico,endgame mate mateIn1 oneMove,Mate en 1 movimiento muy básico.,5,Lichess,https://lichess.org/jzHHsjDp#69
008LT,r4rk1/6p1/b3p1nN/p1pp4/1p3P1q/3P1Q1B/PPP2PK1/R6R b - - 0 26,g8h8 h6f7 f8f7 h3e6,2110,Sacrificio y Clavada,crushing kingsideAttack middlegame pin sacrifice short,Sacrificio y clavada en ataque de nivel experto.,5,Lichess,https://lichess.org/vnxisKeU/black#52
008Nz,6k1/2p2ppp/pnp5/B7/2P3PP/1P1bPPR1/r6r/3R2K1 b - - 1 29,d3e2 d1d8,455,Mate Pasillo Fácil,backRankMate mate mateIn1 middlegame oneMove,Mate del pasillo en 1 jugada (muy fácil).,5,Lichess,https://lichess.org/HNU4zavC/black#58
008P4,8/4k3/1p1p4/r5P1/P2nP1P1/3BK3/8/1R7 w - - 0 35,e3d2 d4b3 d2c3 b3a1,717,Tenedor Básico Final,crushing endgame fork short,Ataque doble (tenedor) básico en el final.,5,Lichess,https://lichess.org/3GoHPRp3#69
008Sk,8/6pp/3Bp2k/p2pP2P/P2bp1PK/8/2r5/5R2 b - - 2 37,d4f2 f1f2 g7g5 h4g3 a2f2 g3f2,2025,Consolidar Victoria Experto,crushing endgame long,Final largo para consolidar victoria experto.,5,Lichess,https://lichess.org/rah6MiKa/black#74
008Y3,r5k1/1p1rqpp1/p3pnp1/2PN5/8/1Q5P/PP3PP1/3RR1K1 b - - 0 24,e7c5 d5f6 g7f6 d1d7,1075,Descubierta al Rey,advantage discoveredAttack kingsideAttack master middlegame short,Ataque a la descubierta contra el rey.,5,Lichess,https://lichess.org/jAILX5BH/black#48
008cl,r3k2r/ppp2p1p/2n1pp2/7q/2PN2b1/3P1Pb1/PP2B1P1/R2Q1RK1 w kq - 1 16,f3g4 h5h2,826,Mate Sencillo,mate mateIn1 middlegame oneMove,Mate en 1 jugada sencillo.,5,Lichess,https://lichess.org/K27KSt2D#31
008lc,7k/pb1qn2n/1p2R2Q/2p5/2Pp4/3B4/PP3PrP/4RK2 b - - 1 27,g2g7 h6g7 h8g7 e6e7 d7e7 e1e7,2005,Atracción y Ataque Doble,attraction crushing exposedKing fork long middlegame,Atracción y ataque doble con rey expuesto.,5,Lichess,https://lichess.org/UdZXrVA5/black#54
008nF,2rq1rk1/7p/1n4pb/1R2p3/pPpP1P2/P1C3/3NQ1PP/2R3K1 w - - 0 31,e2e5 f8e8 e5e8 d8e8,2133,Pieza Atrapada Maestro,crushing master middlegame short trappedPiece,Pieza atrapada en medio juego nivel maestro.,5,Lichess,https://lichess.org/tYO5rrIU#61
008o6,Q5k1/p1p3p1/5r6/8/3P4/7P/q3r3/B4RK1 b - - 1 34,f6f8 a8f8,471,Mate Principiante,endgame mate mateIn1 oneMove,Mate en 1 movimiento para principiantes.,5,Lichess,https://lichess.org/1k4lXfEi/black#68
008oX,4r1k1/2R3pp/2c4h/1p1p4/3P4/P7/1PP2R2/1K1N4 b - - 3 32,e8e1 c7c8 e1e8 c8e8,976,Mate Final Dos Jugadas,endgame mate mateIn2 short,Mate en 2 jugadas en el final.,5,Lichess,https://lichess.org/APGKH8YH/black#64
008rw,rn2kb1r/pp2pppp/2p2n2/4q3/8/2N4Q/PPPPBPPP/R1B1K2R b KQkq - 2 8,g7g6 h3c8,918,Mate en Apertura,mate mateIn1 oneMove opening,Defensa Escandinava: Mate en 1 jugada en la apertura.,5,Lichess,https://lichess.org/t8GAyoIk/black#16Sacrificio de Reina (Mate de la Coz)
ErhDG,6k1/3r1ppp/8/8/8/8/Q4PPP/4R1K1 b - - 0 1,h7h6 e1e8 g8h7 a2b1,1000,Mate del Pasillo,mateIn2,"Negras juegan h6 para darse un respiro, pero dejan ibre un pasillo peligroso y mortal.",1,emtz,
